{"cameraMode":{"drawMode":0,"name":"Shaded","section":"Shading Mode"},"sceneLighting":true,"audioPlay":false,"sceneViewState":{"m_AlwaysRefresh":false,"showFog":true,"showSkybox":true,"showFlares":true,"showImageEffects":true,"showParticleSystems":true,"showVisualEffectGraphs":true,"m_FxEnabled":true},"in2DMode":false,"pivot":{"x":3.709717273712158,"y":4.2911176681518559,"z":2.1388933658599855},"rotation":{"x":-0.15511642396450044,"y":0.8214560151100159,"z":-0.2652284801006317,"w":-0.48042139410972597},"size":5.7692389488220219,"orthographic":false}